tahun,provinsi,gdp_per_capita,tingkat_pengangguran,inflasi
2023,DKI Jakarta,250000000,6.5,3.1
2023,Jawa Barat,65000000,8.2,3.5
2023,Jawa Tengah,60000000,5.7,3.0
2023,Jawa Timur,70000000,5.9,3.2
2023,Banten,68000000,7.1,3.4
2024,DKI Jakarta,260000000,6.2,2.9
2024,Jawa Barat,67000000,7.9,3.2
2024,Jawa Tengah,62000000,5.5,2.8
2024,Jawa Timur,72000000,5.7,3.0
2024,Banten,70000000,6.8,3.1
