tahun,provinsi,trust_government,political_participation_index
2023,DKI Jakarta,72,65
2023,Jawa Barat,68,60
2023,Jawa Tengah,75,62
2023,Jawa Timur,70,64
2023,Banten,66,58
2024,DKI Jakarta,74,67
2024,Jawa Barat,70,62
2024,Jawa Tengah,77,65
2024,Jawa Timur,72,66
2024,Banten,68,60
