tahun,provinsi,trust_government,political_participation_index,gdp_per_capita,tingkat_pengangguran,inflasi
2023,DKI Jakarta,72,65,250000000,6.5,3.1
2023,Jawa Barat,68,60,65000000,8.2,3.5
2023,Jawa Tengah,75,62,60000000,5.7,3.0
2023,Jawa Timur,70,64,70000000,5.9,3.2
2023,Banten,66,58,68000000,7.1,3.4
2024,DKI Jakarta,74,67,260000000,6.2,2.9
2024,Jawa Barat,70,62,67000000,7.9,3.2
2024,Jawa Tengah,77,65,62000000,5.5,2.8
2024,Jawa Timur,72,66,72000000,5.7,3.0
2024,Banten,68,60,70000000,6.8,3.1
